species	tetrahymena	bacteria_history	replicate	auc_log	gr	k_lin	OD_Min	OD_Max
HAMBI0006	no	anc	A	136.85665487554397	0.2804211769225338	0.5314379974500097	0.099	0.654
HAMBI0006	no	anc	B	134.01885833642248	0.28861192318932233	0.5727516973433866	0.099	0.6809999999999999
HAMBI0006	no	anc	C	134.9708442222215	0.2824314693585596	0.5726982537418818	0.099	0.6859999999999999
HAMBI0006	no	anc	D	134.6736244848548	0.28969201003653755	0.5788073146072645	0.099	0.6940000000000001
HAMBI0006	no	anc	E	131.90086652830217	0.285608403036096	0.5615608754678586	0.099	0.6779999999999999
HAMBI0006	no	anc	F	137.39558847456186	0.2723950401355471	0.5752069329276955	0.099	0.69
HAMBI0006	no	anc	G	137.02447547623612	0.23410685043249083	0.5771313876834975	0.099	0.6890000000000001
HAMBI0006	no	anc	H	135.65839456033282	0.2657529327763533	0.5654957244391008	0.099	0.675
HAMBI0097	no	anc	A	32.733825778426755	0.1210761254581851	0.1409237827049728	0.099	0.241
HAMBI0097	no	anc	B	40.207888591749494	0.1385647683743947	0.11563092241542997	0.099	0.218
HAMBI0097	no	anc	C	23.998538574234292	0.07877814842295001	0.1154819357583448	0.099	0.218
HAMBI0097	no	anc	D	32.68842976783647	0.11607989761956622	0.17647483702542793	0.1	0.27899999999999997
HAMBI0097	no	anc	E	27.048688087632804	0.11526197240674436	0.14480884300573538	0.099	0.249
HAMBI0097	no	anc	F	32.52095702750459	0.093577899431773	0.16669762510507147	0.098	0.26899999999999996
HAMBI0097	no	anc	G	30.330968225512624	0.1037776988929448	0.15877579257818783	0.098	0.263
HAMBI0097	no	anc	H	29.937785130302657	0.10637524161972908	0.15940500439639965	0.098	0.263
HAMBI0105	no	anc	A	98.99129041449734	0.09571849189909527	0.3350544314945388	0.098	0.43700000000000006
HAMBI0105	no	anc	B	103.87528676329516	0.09869223967611536	0.39110519605268945	0.097	0.49
HAMBI0105	no	anc	C	101.94533393986951	0.1035067719235752	0.3624178073643696	0.098	0.465
HAMBI0105	no	anc	D	98.60971642048764	0.09416341201433544	0.34358853008537943	0.1	0.445
HAMBI0105	no	anc	E	97.71365994670572	0.10505972645342196	0.33510519932009347	0.101	0.43799999999999994
HAMBI0105	no	anc	F	100.6487288488854	0.09464524803472268	0.3419962514554892	0.098	0.445
HAMBI0105	no	anc	G	99.65640057252132	0.09151780129617272	0.34073025297878373	0.099	0.446
HAMBI0105	no	anc	H	101.83344962536148	0.0947632289256564	0.3546276980966506	0.099	0.456
HAMBI0262	no	anc	A	7.021848476170634	0.01829454976344781	0.04124933277928519	0.099	0.142
HAMBI0262	no	anc	B	7.264193804535331	0.0192544914154194	0.04751070804820159	0.099	0.147
HAMBI0262	no	anc	C	6.709801389551305	0.01898198599697006	0.0443378940222026	0.098	0.14300000000000002
HAMBI0262	no	anc	D	5.651067501605951	0.0182373020414143	0.04346175536776181	0.099	0.14400000000000002
HAMBI0262	no	anc	E	5.8072572761382935	0.01840004829262631	0.03546551571246087	0.099	0.136
HAMBI0262	no	anc	F	7.19400019429527	0.01571717437141853	0.03995073556160124	0.099	0.14
HAMBI0262	no	anc	G	6.560831741257553	0.01565704558870845	0.03532674472653445	0.098	0.135
HAMBI0262	no	anc	H	6.703846626774814	0.0191196367068105	0.04783445972473776	0.099	0.149
HAMBI0403	no	anc	A	103.23823584025862	0.2834985957716698	0.2386701305165477	0.099	0.34299999999999997
HAMBI0403	no	anc	B	102.82911547134113	0.28574947071679396	0.2340815294535077	0.099	0.337
HAMBI0403	no	anc	C	102.37874974127492	0.28931635213679774	0.23638739145407817	0.098	0.337
HAMBI0403	no	anc	D	102.14011539048316	0.2934438149798101	0.23545963418279983	0.098	0.337
HAMBI0403	no	anc	E	104.09777233609556	0.2817908628747224	0.23548174458698415	0.098	0.337
HAMBI0403	no	anc	F	102.74842081876888	0.2919338087970929	0.2345244476702149	0.099	0.337
HAMBI0403	no	anc	G	103.73370480149732	0.2906748564174986	0.2378471420655876	0.099	0.342
HAMBI0403	no	anc	H	104.12363367538131	0.293050041765443	0.23953494485688184	0.099	0.342
HAMBI1279	no	anc	A	102.80344613164976	0.22193806984932327	0.27002380013366767	0.1	0.373
HAMBI1279	no	anc	B	96.31939038573276	0.20221212998315816	0.2630807010794771	0.1	0.3670000000000001
HAMBI1279	no	anc	C	96.94074626184606	0.20334274962317697	0.266884580653762	0.1	0.37
HAMBI1279	no	anc	D	97.33128105534006	0.20511580846865865	0.2680810729540426	0.1	0.373
HAMBI1279	no	anc	E	99.65643809304795	0.213303876991386	0.2681525306391545	0.1	0.371
HAMBI1279	no	anc	F	98.48541755417584	0.20993155662143695	0.2736706361233164	0.1	0.377
HAMBI1279	no	anc	G	97.30403483123614	0.20216749628956027	0.27227123921349844	0.1	0.377
HAMBI1279	no	anc	H	97.93086087330325	0.20314085178333924	0.2727997213717037	0.098	0.376
HAMBI1279	no	anc	A	97.50020682716256	0.2087378995563688	0.2684438485289081	0.099	0.373
HAMBI1287	no	anc	B	134.6692000188482	0.2992729503679344	0.43986069108620146	0.098	0.551
HAMBI1287	no	anc	C	133.61013286114363	0.29802933752700944	0.4201074451655591	0.099	0.535
HAMBI1287	no	anc	D	129.22294817976564	0.29374189514125437	0.4190983364370945	0.1	0.534
HAMBI1287	no	anc	E	129.5484873466652	0.2966301586123973	0.41358985421288025	0.1	0.531
HAMBI1287	no	anc	F	129.12993016720722	0.29530612503513187	0.4241333381670583	0.1	0.539
HAMBI1287	no	anc	G	128.89914147405565	0.29773650059273343	0.4225707355446289	0.1	0.537
HAMBI1287	no	anc	H	130.18302935564276	0.3000328076609299	0.4310523398490237	0.099	0.544
HAMBI1292	no	anc	A	3.59884858754966	0.00531153133581286	0.00498451247049186	0.099	0.105
HAMBI1292	no	anc	B	3.025342530993932	0.00568559341336473	0.00469506903809648	0.099	0.105
HAMBI1292	no	anc	C	3.532411309808258	0.00216718212683815	0.00412140523084215	0.099	0.105
HAMBI1292	no	anc	D	4.604297516229339	0.00275326435321572	0.00651977689754056	0.099	0.108
HAMBI1292	no	anc	E	3.3119446811339075	0.00423998888843432	0.00541385688966639	0.102	0.109
HAMBI1292	no	anc	F	2.8892632951080164	0.00200831021092221	0.0036701642015012	0.101	0.106
HAMBI1292	no	anc	G	3.9070613157070624	0.00655896672233752	0.00523356614104089	0.1	0.107
HAMBI1292	no	anc	H	3.0781732787139693	0.00222062992059211	0.00436303914535993	0.099	0.106
HAMBI1299	no	anc	A	104.86092497854166	0.2584749696832844	0.3824252777145062	0.104	0.49
HAMBI1299	no	anc	B	116.82520418414111	0.2716478051466729	0.4489165675150312	0.1	0.5529999999999999
HAMBI1299	no	anc	C	107.37818387207297	0.256165609323355	0.3665316679671158	0.1	0.471
HAMBI1299	no	anc	D	111.94534114739754	0.2603428679283614	0.4073533854917133	0.1	0.514
HAMBI1299	no	anc	E	105.93232225900806	0.24501991598343495	0.34987590919950323	0.101	0.454
HAMBI1299	no	anc	F	116.70636488261128	0.2808986792010171	0.4570548405254606	0.099	0.5579999999999999
HAMBI1299	no	anc	G	100.13918598930792	0.2545921195477805	0.30973256745155964	0.1	0.415
HAMBI1299	no	anc	H	109.43040825067942	0.25358473624998007	0.4010458840356197	0.101	0.505
HAMBI1842	no	anc	A	50.62315541484663	0.12862136830667778	0.27019065569773787	0.1	0.373
HAMBI1842	no	anc	B	57.637666823669505	0.13495509151802465	0.2884873627368764	0.1	0.391
HAMBI1842	no	anc	C	50.11738480023893	0.08819568137740785	0.42462234096477586	0.1	0.5329999999999999
HAMBI1842	no	anc	D	56.6787384123396	0.09401201746740848	0.4362150886575995	0.099	0.545
HAMBI1842	no	anc	E	52.83871039146344	0.11266644429800132	0.3108193950032906	0.1	0.414
HAMBI1842	no	anc	F	59.714132916381786	0.11558728346386504	0.3097211411626935	0.1	0.411
HAMBI1842	no	anc	G	51.79313959575078	0.12617249156532703	0.2746717605462372	0.1	0.37799999999999995
HAMBI1842	no	anc	H	45.70484734132681	0.11988038691262036	0.25000246614561017	0.101	0.353
HAMBI1896	no	anc	A	47.96128001684751	0.09395489950929892	0.4071923704023237	0.102	0.511
HAMBI1896	no	anc	B	44.43911213321171	0.09134558420432584	0.38561906812080415	0.1	0.488
HAMBI1896	no	anc	C	44.59852879049778	0.09421847064079585	0.3836273053048274	0.101	0.486
HAMBI1896	no	anc	D	45.56224582046507	0.09374929402392884	0.389111335535278	0.101	0.4920000000000001
HAMBI1896	no	anc	E	48.90233345243787	0.08929734839159993	0.41123292453513727	0.101	0.514
HAMBI1896	no	anc	F	46.321575428335045	0.08288245316832164	0.37113751552239593	0.101	0.474
HAMBI1896	no	anc	G	47.34036858940842	0.09531916168146463	0.39970135818667296	0.1	0.501
HAMBI1896	no	anc	H	45.09014950487412	0.09438437832977783	0.3889854218898984	0.1	0.491
HAMBI1923	no	anc	A	23.709744237462147	0.02385058656315672	0.06279895142651433	0.101	0.165
HAMBI1923	no	anc	B	36.32031274164968	0.0327232099566482	0.1216246219640445	0.1	0.225
HAMBI1923	no	anc	C	26.32125701669082	0.03394481890901491	0.06509040700842181	0.102	0.171
HAMBI1923	no	anc	D	27.194075030686335	0.02811487252016862	0.06693829036710584	0.101	0.17
HAMBI1923	no	anc	E	73.19682277671039	0.0599392499755554	0.4011910746150064	0.102	0.504
HAMBI1923	no	anc	F	28.55944408873054	0.02647909388119958	0.07231295688600443	0.101	0.174
HAMBI1923	no	anc	G	53.91154726985656	0.05256014294832959	0.3142143468867922	0.1	0.418
HAMBI1923	no	anc	H	26.140413431640493	0.02632151679345172	0.06540965014526408	0.102	0.16899999999999998
HAMBI1972	no	anc	A	110.0544279776399	0.463724924304096	0.24092408988991112	0.087	0.33
HAMBI1972	no	anc	B	117.05855134217228	0.4229419284025499	0.2518075090003008	0.08900000000000001	0.345
HAMBI1972	no	anc	C	117.21374628522248	0.41387022285871605	0.25861927890713265	0.08900000000000001	0.35200000000000004
HAMBI1972	no	anc	D	119.19449108469418	0.3979270083921286	0.2750738984122126	0.08900000000000001	0.366
HAMBI1972	no	anc	E	117.94506932376856	0.3972289608196811	0.259348043133487	0.087	0.35100000000000003
HAMBI1972	no	anc	F	114.29256248721885	0.33260055126576865	0.2616460526826105	0.08800000000000001	0.35100000000000003
HAMBI1972	no	anc	G	120.4664272677718	0.436005037945394	0.29117647149925524	0.08800000000000001	0.381
HAMBI1972	no	anc	H	113.87613612920524	0.3890463582513388	0.25327756206803576	0.08900000000000001	0.345
HAMBI1977	no	anc	A	168.42486366574224	0.4505544800213176	0.6105393446121933	0.08800000000000001	0.7020000000000001
HAMBI1977	no	anc	B	164.56410012721733	0.38271906616790585	0.6176154744010803	0.091	0.7120000000000001
HAMBI1977	no	anc	C	171.3041957697955	0.463529864646121	0.6219336940645733	0.08900000000000001	0.715
HAMBI1977	no	anc	D	169.01117690020442	0.40962296544743704	0.601229692886337	0.091	0.696
HAMBI1977	no	anc	E	170.60420615818035	0.38689022999369954	0.609559503031374	0.091	0.705
HAMBI1977	no	anc	F	168.06590791288562	0.38666904828062193	0.6100435722824364	0.092	0.7070000000000001
HAMBI1977	no	anc	G	167.59376155107716	0.377562452789786	0.6047769834483119	0.093	0.701
HAMBI1977	no	anc	H	166.18390367242344	0.379577875900585	0.5993048811406425	0.094	0.6970000000000001
HAMBI1988	no	anc	A	1.5897843456350311	0.00141229365103772	8.0230240081194e-4	0.093	0.097
HAMBI1988	no	anc	B	1.2284984766579232	0.00339869688166851	0.00107305043729789	0.093	0.1
HAMBI1988	no	anc	C	-0.96714624133062	1.4451512317686e-4	0	0.08900000000000001	0.098
HAMBI1988	no	anc	D	-5.227474355136252	0.00351764868417456	8.5769259690111e-4	0.087	0.098
HAMBI1988	no	anc	E	1.0255135378511584	0.0010299897862358	0.00233054775431119	0.087	0.091
HAMBI1988	no	anc	F	-0.9746079283445772	3.0517194675516e-4	0	0.086	0.09
HAMBI1988	no	anc	G	-0.9194289096235808	1.435735308492e-4	6.265156286383577e-5	0.09	0.093
HAMBI1988	no	anc	H	-2.4059104338805666	0.00284580648373431	0	0.087	0.091
HAMBI2159	no	anc	A	155.0719903629695	0.121524645800741	0.7203901215450552	0.087	0.81
HAMBI2159	no	anc	B	153.5237574829716	0.1261542027024712	0.7165787142991842	0.08800000000000001	0.8079999999999999
HAMBI2159	no	anc	C	153.60985598081086	0.13162905308438622	0.7210828581901043	0.09	0.815
HAMBI2159	no	anc	D	154.74877561899217	0.13603438449976818	0.7162979232471038	0.08800000000000001	0.8079999999999999
HAMBI2159	no	anc	E	154.82844843868006	0.1423612240396341	0.7273520715611331	0.08900000000000001	0.82
HAMBI2159	no	anc	F	143.8031466980038	0.15836453965872457	0.7152789926850506	0.102	0.821
HAMBI2159	no	anc	G	151.8656896750329	0.14333746015972	0.7459448840586886	0.09	0.843
HAMBI2159	no	anc	H	154.79063204091378	0.12356166329891462	0.7465027897716615	0.09	0.8390000000000001
HAMBI2160	no	anc	A	82.01473708014488	0.110619999509761	0.18887829334453765	0.091	0.284
HAMBI2160	no	anc	B	81.65867370651391	0.1141864098055902	0.1870343548008846	0.09	0.282
HAMBI2160	no	anc	C	81.96513218610033	0.11241528280353968	0.18737029492043888	0.092	0.282
HAMBI2160	no	anc	D	80.58372055233993	0.11252546462647464	0.18565380226511943	0.094	0.282
HAMBI2160	no	anc	E	80.65290272646989	0.11253153767907308	0.18161031803908695	0.093	0.278
HAMBI2160	no	anc	F	82.69885654087011	0.11498747444741513	0.18890097566312647	0.093	0.285
HAMBI2160	no	anc	G	82.95657793853084	0.12250159526282955	0.19587987927310488	0.093	0.293
HAMBI2160	no	anc	H	88.42717006656125	0.1584384983471644	0.21318570983235124	0.092	0.306
HAMBI2164	no	anc	A	40.69897804205347	0.03688501146029413	0.12938533944349448	0.08800000000000001	0.221
HAMBI2164	no	anc	B	34.602199127265415	0.03121363589615224	0.10069153358049132	0.09	0.194
HAMBI2164	no	anc	C	30.419685956685708	0.03009465623367085	0.09161116011063523	0.091	0.187
HAMBI2164	no	anc	D	29.940321221685338	0.02792983257697452	0.09030195094776128	0.091	0.18600000000000003
HAMBI2164	no	anc	E	37.52838599831131	0.02707598468724119	0.1074623646905528	0.09	0.203
HAMBI2164	no	anc	F	34.055273326566166	0.02567525193503371	0.1034485311644854	0.091	0.199
HAMBI2164	no	anc	G	33.750085493817124	0.02601818071161906	0.10199097695283169	0.092	0.198
HAMBI2164	no	anc	H	30.81310964990592	0.0282971465997703	0.09576620089538236	0.092	0.193
HAMBI2494	no	anc	A	132.48848575840364	0.11999688951131528	0.5369993179155284	0.093	0.635
HAMBI2494	no	anc	B	134.4454453855841	0.1324025494989493	0.5368217956631476	0.091	0.63
HAMBI2494	no	anc	C	139.0733645557917	0.13350470870815898	0.557789056674041	0.09	0.6509999999999999
HAMBI2494	no	anc	D	139.20811655764527	0.12165576638382553	0.5501589904066594	0.08900000000000001	0.643
HAMBI2494	no	anc	E	137.32513114433078	0.11790781191360508	0.5482443955291115	0.091	0.643
HAMBI2494	no	anc	F	136.53851781512307	0.11664880157566948	0.5404643099571215	0.09	0.634
HAMBI2494	no	anc	G	135.30249477730908	0.11651691787289964	0.5434375221440415	0.092	0.639
HAMBI2494	no	anc	H	134.0842804196694	0.11495877043437314	0.537383208908456	0.093	0.633
HAMBI2443	no	anc	A	-0.0131485102106004	0.00877083070581422	4.277689920005e-4	0.09	0.094
HAMBI2443	no	anc	B	0.910239406040322	3.8325470105319e-4	9.552286512713e-4	0.091	0.095
HAMBI2443	no	anc	C	0.07600344903288737	1.724589541805388e-5	7.896739390694796e-6	0.091	0.096
HAMBI2443	no	anc	D	-4.252175410460405	5.8935313128404e-4	0	0.087	0.094
HAMBI2443	no	anc	E	-1.1142651320956425	3.6259279386878e-4	3.7735862046366e-4	0.08800000000000001	0.093
HAMBI2443	no	anc	F	0.8015746571052226	6.3406151950237e-4	2.8114836385996e-4	0.08900000000000001	0.094
HAMBI2443	no	anc	G	0.3174007520750671	0.00137325999623846	6.6781548722069e-4	0.08900000000000001	0.095
HAMBI2443	no	anc	H	-0.317718485127872	0.00136470589170965	3.8895285187982e-4	0.08900000000000001	0.094
HAMBI2659	no	anc	A	73.54562459477627	0.10710123932973271	0.14697855193954384	0.09	0.241
HAMBI2659	no	anc	B	72.27394189188425	0.15665711956273945	0.15283298965936326	0.091	0.247
HAMBI2659	no	anc	C	72.72953636855023	0.1374011004557544	0.14615858688996303	0.08900000000000001	0.238
HAMBI2659	no	anc	D	73.25068525928478	0.13290736977662973	0.14567242656065849	0.08900000000000001	0.237
HAMBI2659	no	anc	E	74.21999984189618	0.11044928689478338	0.15400653052559182	0.08900000000000001	0.245
HAMBI2659	no	anc	F	75.54963758302296	0.11366645457174412	0.1684445646946006	0.08900000000000001	0.259
HAMBI2659	no	anc	G	71.01336539249158	0.1520684834828617	0.16129804550356616	0.094	0.257
HAMBI2659	no	anc	H	71.91438355903905	0.09887710660009642	0.150052679002125	0.093	0.245
HAMBI2792	no	anc	A	-0.8885986665941296	4.3844719217766e-4	0	0.091	0.094
HAMBI2792	no	anc	B	-2.153123452464534	8.0515015958344e-4	0	0.091	0.095
HAMBI2792	no	anc	C	-1.4501450456222555	4.5108702285989e-4	0	0.091	0.096
HAMBI2792	no	anc	D	-1.8730865609917875	2.8727775587455e-4	0	0.092	0.096
HAMBI2792	no	anc	E	-1.1814647535202143	5.527961148968e-4	0	0.09	0.094
HAMBI2792	no	anc	F	-1.7489247544803908	3.1961512846902e-4	0	0.09	0.094
HAMBI2792	no	anc	G	-0.7936691361666964	6.171650684229561e-5	0	0.091	0.095
HAMBI2792	no	anc	H	-2.214757193067855	1.8138804286817e-4	0	0.08800000000000001	0.094
HAMBI3031	no	anc	A	1.1542847273366177	0.00160509566486727	0.0021476945813615	0.08800000000000001	0.093
HAMBI3031	no	anc	B	-1.3728167355726115	4.4274218820944e-4	0	0.08800000000000001	0.091
HAMBI3031	no	anc	C	-2.19878251621208	5.9230673518928e-4	0	0.08900000000000001	0.093
HAMBI3031	no	anc	D	-0.637306156865736	5.5693455450932e-4	0	0.08800000000000001	0.091
HAMBI3031	no	anc	E	-2.1509987351806132	3.0485784140961e-4	0	0.091	0.094
HAMBI3031	no	anc	F	-2.9559929348770275	3.6937691907122e-4	0	0.087	0.091
HAMBI3031	no	anc	G	-1.921214822657117	2.6215942794488e-4	0	0.08800000000000001	0.092
HAMBI3031	no	anc	H	-1.0015176971605253	0.01598699819048002	0.00201618043211128	0.08800000000000001	0.096
HAMBI3237	no	anc	A	18.131708572580788	0.0371858323388051	0.16099152022625057	0.087	0.255
HAMBI3237	no	anc	B	19.36628566019248	0.03506993289106273	0.1641051614574301	0.08800000000000001	0.257
HAMBI3237	no	anc	C	6.327353629987375	0.02546286180934367	0.06187060765867509	0.092	0.156
HAMBI3237	no	anc	D	4.223645268094056	0.02714944531831398	0.0682247480232483	0.092	0.16399999999999998
HAMBI3237	no	anc	E	4.437158493802805	0.02699321723251667	0.06679903933384335	0.093	0.163
HAMBI3237	no	anc	F	5.548585076560813	0.02760956329692014	0.0711979919460929	0.093	0.168
HAMBI3237	no	anc	G	4.889300336983105	0.02777245871168122	0.0780665150957695	0.092	0.17600000000000002
HAMBI3237	no	anc	H	6.73960518786445	0.0267222241508004	0.08056648883842683	0.095	0.179
HAMBI0006	no	evo	A	134.09088031998428	0.31688726661825434	0.39022949048170535	0.099	0.491
HAMBI0006	no	evo	B	123.95758811428416	0.2903505355683623	0.3951943328973246	0.099	0.499
HAMBI0006	no	evo	C	128.27561797915337	0.31440356120447943	0.4291309268663225	0.099	0.532
HAMBI0006	no	evo	D	123.66788413131232	0.3126029124101381	0.3964247643630957	0.1	0.501
HAMBI0006	no	evo	E	122.509258640533	0.30913040828580696	0.3944310067083222	0.101	0.505
HAMBI0006	no	evo	F	127.52670045680516	0.30576199191102443	0.43053182314261873	0.1	0.534
HAMBI0006	no	evo	G	125.00254882335317	0.3010088924004177	0.40515146340940766	0.101	0.516
HAMBI0006	no	evo	H	125.89816833715484	0.31299138890583333	0.4196432265788397	0.101	0.531
HAMBI0097	no	evo	A	21.790460908341224	0.04839465588801743	0.04175141989361376	0.101	0.145
HAMBI0097	no	evo	B	34.731221661323	0.04075321334638828	0.07830692135295138	0.104	0.183
HAMBI0097	no	evo	C	33.574771464089636	0.02526640809895813	0.06527948663762191	0.098	0.16399999999999998
HAMBI0097	no	evo	D	44.91011093492497	0.03985989337382979	0.09061589829972054	0.099	0.191
HAMBI0097	no	evo	E	25.22593281757992	0.01975278797525691	0.04752440950331498	0.099	0.14800000000000002
HAMBI0097	no	evo	F	26.237853246031943	0.06024568173045645	0.05408601809085608	0.098	0.154
HAMBI0097	no	evo	G	50.976360750918914	0.05510732516840296	0.10417495525864094	0.099	0.205
HAMBI0097	no	evo	H	50.30335167825495	0.03881058201780673	0.10349197373854434	0.1	0.206
HAMBI0105	no	evo	A	101.06653103755704	0.1356518158574035	0.3089107477310899	0.099	0.409
HAMBI0105	no	evo	B	104.13475407034854	0.11464786874211724	0.33955499532425804	0.1	0.442
HAMBI0105	no	evo	C	110.39780497110728	0.11774291807652008	0.3765875296021935	0.1	0.478
HAMBI0105	no	evo	D	107.05826082874492	0.11735159984769516	0.34396127328556036	0.1	0.445
HAMBI0105	no	evo	E	107.65626937446928	0.1464628932127914	0.3481592928321229	0.1	0.449
HAMBI0105	no	evo	F	106.20682337710238	0.11584948040753582	0.34831464448654115	0.097	0.45
HAMBI0105	no	evo	G	103.55688049951848	0.11074743626032194	0.3348661447401558	0.099	0.439
HAMBI0105	no	evo	H	110.17453135567185	0.1176970562557756	0.3739073358156519	0.098	0.476
HAMBI0262	no	evo	A	23.773019639871983	0.03622161797974648	0.08760590877597055	0.098	0.187
HAMBI0262	no	evo	B	23.567800603997185	0.03871236323698587	0.08445806014228918	0.1	0.187
HAMBI0262	no	evo	C	23.09353689393981	0.03900177586476072	0.08607186795871077	0.098	0.18600000000000003
HAMBI0262	no	evo	D	25.637060550480822	0.03885638966829053	0.08662699815244428	0.098	0.18600000000000003
HAMBI0262	no	evo	E	22.025279861986395	0.03840421906337085	0.08704898171700556	0.098	0.188
HAMBI0262	no	evo	F	23.37354368367318	0.03462904304927382	0.0927116672707836	0.1	0.194
HAMBI0262	no	evo	G	29.902623286102443	0.04674251701529043	0.12256168184010076	0.098	0.223
HAMBI0262	no	evo	H	23.00644637099696	0.03679476780359862	0.08559136647380557	0.098	0.185
HAMBI0403	no	evo	A	126.05041310046856	0.27488705332411045	0.4010960344508342	0.097	0.501
HAMBI0403	no	evo	B	124.51709408462013	0.271596388631975	0.4003776274375179	0.098	0.503
HAMBI0403	no	evo	C	123.857784204013	0.2642235901511328	0.3971033546889584	0.097	0.503
HAMBI0403	no	evo	D	123.12590524741051	0.2595532636695195	0.3993071158420205	0.099	0.509
HAMBI0403	no	evo	E	123.00985164412246	0.2660201419986186	0.3921617074645723	0.098	0.493
HAMBI0403	no	evo	F	123.44671204646367	0.26653216003377106	0.3930017709863866	0.099	0.494
HAMBI0403	no	evo	G	124.2298085209225	0.2645175410567416	0.4026311917118795	0.099	0.509
HAMBI0403	no	evo	H	123.8880257487374	0.25353724605181865	0.3996024971257675	0.1	0.502
HAMBI1279	no	evo	A	110.1157787870072	0.20920512574341987	0.27490368433550766	0.099	0.379
HAMBI1279	no	evo	B	105.19790046768264	0.2070524098070463	0.2665753971524829	0.098	0.369
HAMBI1279	no	evo	C	104.59835625068204	0.20576580506286185	0.26582380262217703	0.099	0.369
HAMBI1279	no	evo	D	104.66923558825138	0.20231297441433232	0.2690382057284722	0.098	0.37200000000000005
HAMBI1279	no	evo	E	104.29622117996482	0.2041732864292024	0.27189984003239615	0.099	0.375
HAMBI1279	no	evo	F	106.410796729333	0.21335508979937903	0.2694201305039187	0.098	0.37200000000000005
HAMBI1279	no	evo	G	103.53570573559242	0.20762598228068552	0.27244006164222917	0.098	0.375
HAMBI1279	no	evo	H	103.56617342102116	0.2093768001177024	0.2736351006533995	0.099	0.377
HAMBI1287	no	evo	A	141.68652957223512	0.3027002525085293	0.4363559697171519	0.098	0.541
HAMBI1287	no	evo	B	135.72265136475764	0.30080243889915154	0.41568764185740426	0.1	0.52
HAMBI1287	no	evo	C	133.12069100470362	0.2990475679660754	0.4014844148101534	0.098	0.505
HAMBI1287	no	evo	D	135.31864253405567	0.29346646162260576	0.3965580647495521	0.099	0.498
HAMBI1287	no	evo	E	139.45998223272218	0.30127748680221805	0.4168431441781572	0.097	0.519
HAMBI1287	no	evo	F	137.59350583290572	0.30187765100171526	0.4123321569766324	0.098	0.515
HAMBI1287	no	evo	G	140.08695557855864	0.30477599426546026	0.416239522747644	0.098	0.519
HAMBI1287	no	evo	H	139.86943269908025	0.3061165748011926	0.4181348919453865	0.097	0.519
HAMBI1292	no	evo	A	95.32862706012946	0.08094206174731304	0.7120226147838199	0.097	0.813
HAMBI1292	no	evo	B	94.18482215541144	0.07743727767111908	0.739616203575083	0.098	0.84
HAMBI1292	no	evo	C	110.07796590683364	0.0787348577370696	0.7319870413576923	0.098	0.836
HAMBI1292	no	evo	D	99.89578921234671	0.09686828390380688	0.6876379858715254	0.099	0.7879999999999999
HAMBI1292	no	evo	E	83.80924408903536	0.10612434880965414	0.5678383935712916	0.098	0.675
HAMBI1292	no	evo	F	95.30199058053938	0.08815797587527927	0.6802014664895961	0.097	0.777
HAMBI1292	no	evo	G	100.56694243152644	0.08253798097249784	0.7220237018214393	0.098	0.82
HAMBI1292	no	evo	H	97.7340225942014	0.07502990516178348	0.6944730976416253	0.103	0.804
HAMBI1299	no	evo	A	97.76520122050724	0.29603966460744663	0.3941567136672326	0.098	0.499
HAMBI1299	no	evo	B	96.36839410413484	0.29905964497954995	0.373957349532573	0.098	0.48
HAMBI1299	no	evo	C	97.29822179873094	0.29813582746985934	0.3797032327147939	0.097	0.485
HAMBI1299	no	evo	D	99.35799027801777	0.3010661399247014	0.38048729626787825	0.097	0.488
HAMBI1299	no	evo	E	96.46463654605306	0.2944763785433521	0.3670881237403031	0.098	0.474
HAMBI1299	no	evo	F	97.24352813622797	0.29683950851837876	0.36115995189675154	0.099	0.473
HAMBI1299	no	evo	G	98.74952910782936	0.3019526221330696	0.3330511127659992	0.1	0.44
HAMBI1299	no	evo	H	96.91854675652029	0.30635826254862747	0.32801609657606823	0.098	0.43
HAMBI1842	no	evo	A	88.30376606227287	0.09706611269825204	0.5887565471674241	0.099	0.6920000000000001
HAMBI1842	no	evo	B	89.5967746368941	0.09650299574497805	0.5746893783279788	0.099	0.679
HAMBI1842	no	evo	C	95.36297027493612	0.08063556160051479	0.5826552122198381	0.099	0.706
HAMBI1842	no	evo	D	92.62801358836738	0.08587804563054195	0.5733470094319969	0.098	0.6759999999999999
HAMBI1842	no	evo	E	92.71210199889326	0.07502669781708647	0.6374741636925705	0.097	0.735
HAMBI1842	no	evo	F	96.97527824544342	0.08209216912949557	0.6812901017586463	0.098	0.782
HAMBI1842	no	evo	G	97.16395787143138	0.0943656358423435	0.5971946129416431	0.098	0.711
HAMBI1842	no	evo	H	91.03449322891431	0.09509217901833517	0.6681795073511028	0.101	0.775
HAMBI1896	no	evo	A	134.37770841196203	0.29674195078356613	0.3978296588586324	0.1	0.499
HAMBI1896	no	evo	B	132.4170043823978	0.2941677213671983	0.3934488731379944	0.099	0.494
HAMBI1896	no	evo	C	133.81007711555168	0.2928978648380579	0.3968483162010833	0.099	0.49700000000000005
HAMBI1896	no	evo	D	136.32131446532148	0.29951919680387445	0.4117343499120254	0.099	0.512
HAMBI1896	no	evo	E	134.28003671057897	0.29840167241030785	0.4050317030147462	0.099	0.507
HAMBI1896	no	evo	F	133.32992413439158	0.29280581003773526	0.4022847701851671	0.1	0.504
HAMBI1896	no	evo	G	139.1967922882585	0.3037774263707702	0.42554352192180495	0.098	0.526
HAMBI1896	no	evo	H	137.51687066630524	0.2974524660106763	0.42258253649615574	0.099	0.523
HAMBI1923	no	evo	A	50.46422143350373	0.0598716994670233	0.11608339045355344	0.101	0.21899999999999997
HAMBI1923	no	evo	B	51.48242374888443	0.06363206255687343	0.11809277040415496	0.098	0.21899999999999997
HAMBI1923	no	evo	C	46.25516129384469	0.05597417782908256	0.10094379501976344	0.098	0.202
HAMBI1923	no	evo	D	49.36700909707422	0.05849476873393575	0.10825996974916469	0.098	0.208
HAMBI1923	no	evo	E	51.3951358146834	0.06331749554969375	0.11678064161145696	0.098	0.217
HAMBI1923	no	evo	F	48.564048880092066	0.05839108362474155	0.10623058890307782	0.098	0.206
HAMBI1923	no	evo	G	46.94917314624295	0.05656934159932348	0.10410422250876064	0.098	0.205
HAMBI1923	no	evo	H	48.43448376657161	0.06051051580553425	0.10468205436458436	0.098	0.204
HAMBI1972	no	evo	A	103.94899885167372	0.4049104726864466	0.24876468748892944	0.093	0.345
HAMBI1972	no	evo	B	108.38742898812283	0.4157149391982533	0.25271519470237946	0.093	0.348
HAMBI1972	no	evo	C	108.33208417482278	0.44697402787235696	0.2533903012581408	0.095	0.35100000000000003
HAMBI1972	no	evo	D	110.52323257107966	0.4343575724559498	0.25443249387898104	0.093	0.348
HAMBI1972	no	evo	E	110.93691301123168	0.41487686019413395	0.25208753658505545	0.092	0.345
HAMBI1972	no	evo	F	111.27196123292956	0.4346146134904624	0.2582845199714434	0.092	0.353
HAMBI1972	no	evo	G	108.23467302593087	0.4272833665607705	0.25226350861658375	0.093	0.34700000000000003
HAMBI1972	no	evo	H	112.86219302748464	0.44310317226059376	0.25939791115370137	0.092	0.353
HAMBI1977	no	evo	A	161.82727219456595	0.30087096322993656	0.5576120197713144	0.091	0.654
HAMBI1977	no	evo	B	156.34895553184737	0.32290479484385626	0.5510059509331622	0.092	0.645
HAMBI1977	no	evo	C	155.10666752029906	0.305310222628886	0.5276957435871973	0.093	0.633
HAMBI1977	no	evo	D	151.35657947077232	0.3922708486680108	0.5374078961107562	0.094	0.636
HAMBI1977	no	evo	E	151.59332839174948	0.38835785914561505	0.545072697567685	0.094	0.645
HAMBI1977	no	evo	F	151.90674494072155	0.3836786104704763	0.5378552256262755	0.093	0.636
HAMBI1977	no	evo	G	152.99632095173993	0.3767010139642014	0.5481333500578659	0.094	0.644
HAMBI1977	no	evo	H	149.80956105592483	0.3708535519633561	0.5451247534421988	0.096	0.6409999999999999
HAMBI1988	no	evo	A	18.253459244208987	0.05104329121995671	0.22956491087057332	0.093	0.324
HAMBI1988	no	evo	B	18.12505234113774	0.05178701472171589	0.2376161653704829	0.093	0.33299999999999996
HAMBI1988	no	evo	C	13.632291822893126	0.05367828962619601	0.18455612374583613	0.095	0.282
HAMBI1988	no	evo	D	5.864359234660196	0.05496010298775374	0.10667063923021047	0.09	0.201
HAMBI1988	no	evo	E	8.281298698284537	0.05766282566510924	0.13494619798067886	0.092	0.23
HAMBI1988	no	evo	F	26.580276632314195	0.0421891126836174	0.26613742971526205	0.092	0.361
HAMBI1988	no	evo	G	32.91615504229293	0.04221357797409102	0.2828422859652888	0.092	0.379
HAMBI1988	no	evo	H	37.73470001888903	0.04252932557065922	0.2921785617680923	0.092	0.388
HAMBI2159	no	evo	A	144.1052112439038	0.1353378160732209	0.6165743488044935	0.091	0.7120000000000001
HAMBI2159	no	evo	B	144.13179563200197	0.13534657390931565	0.6160794737852289	0.092	0.711
HAMBI2159	no	evo	C	143.32810125520442	0.14013354756529575	0.6198059341475816	0.092	0.715
HAMBI2159	no	evo	D	145.30134811900044	0.14387201657757454	0.6260637180432491	0.091	0.721
HAMBI2159	no	evo	E	145.27599143814717	0.1504660089732735	0.632844737790849	0.093	0.728
HAMBI2159	no	evo	F	145.942306275727	0.15164956091510337	0.6407975230474499	0.091	0.7340000000000001
HAMBI2159	no	evo	G	145.08680661466065	0.14143834548052484	0.6385065159236323	0.093	0.7340000000000001
HAMBI2159	no	evo	H	142.76475427207131	0.13478510210489292	0.6125432206890711	0.094	0.7090000000000001
HAMBI2160	no	evo	A	90.69258569979476	0.1408423446471975	0.24692234278888792	0.094	0.342
HAMBI2160	no	evo	B	90.87413020451083	0.14532516700097414	0.2483327720308804	0.093	0.34299999999999997
HAMBI2160	no	evo	C	92.93217027212371	0.14620899563926434	0.2595410345626641	0.097	0.358
HAMBI2160	no	evo	D	91.4061640553494	0.15045865052585583	0.2541748731017097	0.097	0.35200000000000004
HAMBI2160	no	evo	E	92.55312609738708	0.14980508259785	0.2535307476878448	0.096	0.35
HAMBI2160	no	evo	F	95.0963746338874	0.15713085608588034	0.2656303805324556	0.095	0.362
HAMBI2160	no	evo	G	93.34212993156292	0.1507192953943214	0.2690832296437369	0.097	0.3670000000000001
HAMBI2160	no	evo	H	79.6632595754842	0.16435488883635366	0.21352763059387905	0.091	0.308
HAMBI2164	no	evo	A	76.35541969612696	0.07892160564479103	0.2468719704947206	0.093	0.341
HAMBI2164	no	evo	B	83.76643708208017	0.08383508766174798	0.2842783825692985	0.092	0.381
HAMBI2164	no	evo	C	80.15887925490405	0.08731866121161456	0.27262851862695536	0.093	0.371
HAMBI2164	no	evo	D	82.19786787181656	0.0824069499045698	0.2703139870832031	0.092	0.365
HAMBI2164	no	evo	E	82.02934898473214	0.0827722787476349	0.2656197637333137	0.092	0.361
HAMBI2164	no	evo	F	80.09374120485131	0.08650461084547038	0.263949233661907	0.092	0.359
HAMBI2164	no	evo	G	78.29782853437628	0.09157866170885344	0.2510909974816537	0.093	0.348
HAMBI2164	no	evo	H	83.4944235301361	0.09444304444414128	0.279188695779323	0.091	0.374
HAMBI2494	no	evo	A	129.10105626792665	0.125456181150961	0.5644619061110283	0.092	0.66
HAMBI2494	no	evo	B	129.4901488294152	0.13633721480383254	0.5756055409342974	0.09	0.669
HAMBI2494	no	evo	C	128.3198394034874	0.13130600074472212	0.5682762732305646	0.094	0.665
HAMBI2494	no	evo	D	130.58225339933912	0.13108316746377918	0.5629110257415872	0.094	0.6579999999999999
HAMBI2494	no	evo	E	129.4918768755274	0.12154162189025848	0.5571871561668635	0.095	0.653
HAMBI2494	no	evo	F	127.48543918115196	0.11933951936060884	0.5515032954979646	0.094	0.648
HAMBI2494	no	evo	G	127.06168721640132	0.12026371644092154	0.554623931715932	0.095	0.652
HAMBI2494	no	evo	H	126.36145216419244	0.12296327394317898	0.5588318741352271	0.097	0.657
HAMBI2443	no	evo	A	55.64059278083252	0.06201773278027886	0.3263110529745351	0.094	0.423
HAMBI2443	no	evo	B	59.90887017266314	0.06375706605262081	0.333985770254918	0.093	0.4320000000000001
HAMBI2443	no	evo	C	58.23109942243619	0.06534971108629918	0.3467375273363236	0.096	0.445
HAMBI2443	no	evo	D	55.145245178301	0.05530369248828908	0.3429223650088339	0.092	0.439
HAMBI2443	no	evo	E	58.77636898938234	0.06594386003402224	0.37354183312438016	0.092	0.467
HAMBI2443	no	evo	F	56.55825307310237	0.06864667484696249	0.3239163309442307	0.092	0.419
HAMBI2443	no	evo	G	62.70464924061714	0.0564529118298599	0.3294254479427922	0.094	0.425
HAMBI2443	no	evo	H	62.53391095824259	0.06888184808834551	0.340547404460806	0.093	0.435
HAMBI2659	no	evo	A	101.74721442953052	0.16969907414483076	0.24347059903639232	0.094	0.33899999999999997
HAMBI2659	no	evo	B	98.7697522509281	0.17651153910867914	0.2381537688503238	0.094	0.33399999999999996
HAMBI2659	no	evo	C	101.738505048082	0.17354667925911907	0.24313240406427392	0.094	0.33899999999999997
HAMBI2659	no	evo	D	103.97237646536726	0.1584853048967968	0.2527594238911153	0.093	0.34700000000000003
HAMBI2659	no	evo	E	104.34214659298206	0.17032785473801604	0.2553668903384686	0.093	0.35100000000000003
HAMBI2659	no	evo	F	105.44608961239943	0.15250714746439242	0.27051944451332044	0.092	0.365
HAMBI2659	no	evo	G	89.98266670459653	0.17116927054498002	0.1971032049743879	0.095	0.294
HAMBI2659	no	evo	H	100.26492752766302	0.16026401615418467	0.2366298472791652	0.093	0.33299999999999996
HAMBI2792	no	evo	A	88.79751914132115	0.14554242552218596	0.33890895535445964	0.093	0.436
HAMBI2792	no	evo	B	58.20807033766839	0.05868095090439767	0.27850193110642973	0.097	0.38
HAMBI2792	no	evo	C	44.406944859015795	0.03417311792610447	0.2070286170918032	0.094	0.307
HAMBI2792	no	evo	D	88.11184298094192	0.12223213081527937	0.3358522760016114	0.097	0.435
HAMBI2792	no	evo	E	49.44980822899173	0.03866035447506346	0.22201854714289687	0.096	0.322
HAMBI2792	no	evo	F	89.95232663780688	0.1403886843927917	0.3509807357091826	0.094	0.449
HAMBI2792	no	evo	G	80.14812844238358	0.1277900583896228	0.35107150289743944	0.095	0.4479999999999999
HAMBI2792	no	evo	H	74.74085295315913	0.1273492625852167	0.2505262801798628	0.09	0.34700000000000003
HAMBI3031	no	evo	A	55.1802451986146	0.07179250509564816	0.34740778012906065	0.092	0.444
HAMBI3031	no	evo	B	53.61564430310866	0.07716107509111256	0.31958766324018933	0.093	0.415
HAMBI3031	no	evo	C	51.82362594896484	0.07846915289460812	0.31824519122652156	0.094	0.416
HAMBI3031	no	evo	D	54.77961753641246	0.0800782126536847	0.3267404583311147	0.092	0.423
HAMBI3031	no	evo	E	54.73857447129334	0.0796376645757789	0.3215525221065236	0.09	0.415
HAMBI3031	no	evo	F	54.4362984491899	0.08092422002670983	0.3261341994613202	0.091	0.422
HAMBI3031	no	evo	G	54.22301340138511	0.0803898331439084	0.32096268816360785	0.092	0.418
HAMBI3031	no	evo	H	56.11095560746528	0.08565749607966616	0.32761366480207754	0.09	0.422
HAMBI3237	no	evo	A	36.68325895465089	0.0387282324050827	0.24871129569939932	0.09	0.342
HAMBI3237	no	evo	B	39.763296362432655	0.04537116540830056	0.2845693364682746	0.09	0.379
HAMBI3237	no	evo	C	27.592980941484836	0.04198952101296589	0.12093260251308131	0.09	0.217
HAMBI3237	no	evo	D	33.77805143226989	0.03862414480941915	0.22623828454151515	0.09	0.32
HAMBI3237	no	evo	E	34.55810442408035	0.03851367225056085	0.22469190501700664	0.092	0.319
HAMBI3237	no	evo	F	31.37885107213276	0.03304077501164604	0.194124093205661	0.091	0.28800000000000003
HAMBI3237	no	evo	G	32.08961945830075	0.0390532020475744	0.2010648180565245	0.093	0.298
HAMBI3237	no	evo	H	26.08331271282267	0.02884607549545355	0.15130631425746283	0.097	0.25
HAMBI0006	yes	anc	A	42.75126456543568	0.18233016823208567	0.21103582658717063	0.109	0.318
HAMBI0006	yes	anc	B	34.09135480820554	0.1740294637749614	0.16884725934821176	0.108	0.278
HAMBI0006	yes	anc	C	30.46525304437187	0.17525632101868835	0.15504374896284484	0.108	0.264
HAMBI0006	yes	anc	D	28.524479895631465	0.17339788648863355	0.14081143559813197	0.107	0.249
HAMBI0006	yes	anc	E	26.778306295974936	0.15962926364537705	0.11806621029087332	0.109	0.23
HAMBI0006	yes	anc	F	31.678996525742967	0.171602535806968	0.15322544955914463	0.109	0.263
HAMBI0006	yes	anc	G	29.887010849488455	0.17570172724367297	0.15032345810061404	0.109	0.261
HAMBI0006	yes	anc	H	37.0104770791498	0.1771821237246285	0.1809050172734204	0.107	0.285
HAMBI0097	yes	anc	A	16.02990254755233	0.12946541451060223	0.07733747544716527	0.11	0.192
HAMBI0097	yes	anc	B	18.431091539326705	0.14483610212732378	0.08254006519414804	0.108	0.193
HAMBI0097	yes	anc	C	18.61276519835088	0.14919203132600228	0.08159948256539115	0.106	0.18899999999999997
HAMBI0097	yes	anc	D	15.80323324891663	0.11501375190123687	0.06470662664441855	0.106	0.172
HAMBI0097	yes	anc	E	14.707571619967988	0.12354481491213078	0.06786532084370335	0.106	0.17600000000000002
HAMBI0097	yes	anc	F	15.480146371758067	0.11499319471119455	0.06209774704953964	0.106	0.172
HAMBI0097	yes	anc	G	14.228127760637877	0.09655744491139388	0.05384861419685939	0.107	0.16399999999999998
HAMBI0097	yes	anc	H	14.261700366190858	0.11565688535025964	0.06295634546039064	0.106	0.172
HAMBI0105	yes	anc	A	39.245316578413735	0.05684917003558411	0.097857297956783	0.107	0.208
HAMBI0105	yes	anc	B	41.4808343218057	0.0501852243826219	0.09909850171993026	0.104	0.206
HAMBI0105	yes	anc	C	38.12786392287952	0.0523582924921964	0.09977558478236606	0.108	0.213
HAMBI0105	yes	anc	D	43.7344234054419	0.06362939881779554	0.12196585156631724	0.107	0.234
HAMBI0105	yes	anc	E	55.25902652007695	0.08260011606599366	0.16951149602927135	0.107	0.27899999999999997
HAMBI0105	yes	anc	F	38.703573717637546	0.05273058759727165	0.0977013677318235	0.106	0.206
HAMBI0105	yes	anc	G	37.95296649977977	0.04803349463869812	0.09295593819665708	0.106	0.203
HAMBI0105	yes	anc	H	35.42832407287906	0.04893710039283062	0.08951570144059173	0.107	0.2
HAMBI0262	yes	anc	A	3.7920754548019215	0.01655478566083891	0.02841425488813444	0.104	0.13699999999999998
HAMBI0262	yes	anc	B	7.35953192640049	0.02625039743066325	0.0444925136404808	0.106	0.159
HAMBI0262	yes	anc	C	5.515830797923122	0.0214095818985677	0.03657169550012351	0.105	0.149
HAMBI0262	yes	anc	D	3.01302551129786	0.01615306565725855	0.02616440496199119	0.107	0.14
HAMBI0262	yes	anc	E	5.6015360505413225	0.02577782867687059	0.04340194861321178	0.105	0.16
HAMBI0262	yes	anc	F	5.642166762514076	0.02690484831372202	0.04278069519443166	0.106	0.161
HAMBI0262	yes	anc	G	7.382448752109894	0.02581351165880507	0.05654379256632147	0.105	0.168
HAMBI0262	yes	anc	H	6.707620913646424	0.02364591827716464	0.04310657597071898	0.104	0.159
HAMBI0403	yes	anc	A	43.01026531476151	0.13562287277673785	0.12249962732355316	0.106	0.233
HAMBI0403	yes	anc	B	27.36689253255615	0.13577493496284485	0.09736055960290985	0.105	0.207
HAMBI0403	yes	anc	C	22.821756769805106	0.12415835950867402	0.09343388241751818	0.11	0.213
HAMBI0403	yes	anc	D	23.29809802874023	0.11920511085828568	0.08416750112523287	0.105	0.198
HAMBI0403	yes	anc	E	22.35340453151625	0.12517658610295335	0.08300684039144038	0.107	0.191
HAMBI0403	yes	anc	F	26.26734343035941	0.12957639185932318	0.09884968791796545	0.107	0.208
HAMBI0403	yes	anc	G	27.172654006083658	0.12906339274662496	0.10324837543805578	0.107	0.212
HAMBI0403	yes	anc	H	22.93171360476997	0.1505214594097833	0.0888566193559344	0.109	0.206
HAMBI1279	yes	anc	A	44.5538191487533	0.08792811312057744	0.1006515121901507	0.107	0.309
HAMBI1279	yes	anc	B	32.9067603844248	0.06692664344385346	0.06653603877519507	0.107	0.228
HAMBI1279	yes	anc	C	34.215032092640286	0.05273745160474555	0.06301838318916823	0.105	0.27899999999999997
HAMBI1279	yes	anc	D	34.617714860231565	0.0844648139426396	0.06705964677364482	0.105	0.23
HAMBI1279	yes	anc	E	32.83636811848746	0.06794169053061075	0.06424149688035093	0.107	0.289
HAMBI1279	yes	anc	F	31.416225879843857	0.06863493763275769	0.07274673544374485	0.107	0.183
HAMBI1279	yes	anc	G	29.54226974165051	0.06367952433795959	0.06286711966295364	0.112	0.17800000000000002
HAMBI1279	yes	anc	H	38.57072321135675	0.08074330496589222	0.07329678262414001	0.106	0.18600000000000003
HAMBI1287	yes	anc	A	57.15601450885413	0.16350158243020338	0.30289977978992294	0.106	0.417
HAMBI1287	yes	anc	B	53.80986149706796	0.17929989248234132	0.3124620375141779	0.108	0.422
HAMBI1287	yes	anc	C	56.53414990639283	0.19359344878002893	0.3593972930080433	0.108	0.466
HAMBI1287	yes	anc	D	52.26582742399845	0.17621456475157807	0.3249847860071068	0.107	0.434
HAMBI1287	yes	anc	E	53.362731451472136	0.1779769423791938	0.3411168532360399	0.109	0.452
HAMBI1287	yes	anc	F	56.55104093305895	0.1955118048162383	0.35822777797797306	0.107	0.466
HAMBI1287	yes	anc	G	55.49023642702567	0.18129354462375696	0.3477270139030721	0.106	0.456
HAMBI1287	yes	anc	H	56.45357396531829	0.17967770932275212	0.3281013346381777	0.106	0.439
HAMBI1292	yes	anc	A	-0.06690621604009891	0.01222544154924527	0.00344678519580696	0.104	0.111
HAMBI1292	yes	anc	B	0.3902163022488645	0.01046460385939029	0.00410998578850277	0.103	0.113
HAMBI1292	yes	anc	C	1.8309724338910736	0.01095143170813583	0.00554135951297836	0.104	0.112
HAMBI1292	yes	anc	D	0.3941970569007792	0.00700795744642436	0.00272811159327893	0.104	0.112
HAMBI1292	yes	anc	E	2.1172341509761288	0.01312468845692147	0.00491234891895524	0.104	0.112
HAMBI1292	yes	anc	F	-1.865294716530167	0.0073694090344683	0.0025801172123423	0.104	0.113
HAMBI1292	yes	anc	G	0.35776628641478747	0.01217116101577531	0.00575381501387883	0.105	0.116
HAMBI1292	yes	anc	H	-1.3554502384739646	0.00954364216369597	0.00308707002123637	0.104	0.113
HAMBI1299	yes	anc	A	41.99985841957477	0.0757966972301744	0.14263689459481954	0.106	0.255
HAMBI1299	yes	anc	B	42.286242325672546	0.09254864451261632	0.1311562205357369	0.107	0.244
HAMBI1299	yes	anc	C	42.346103618358896	0.08735187937089206	0.17305782570761677	0.107	0.28800000000000003
HAMBI1299	yes	anc	D	44.004463141876805	0.13632247803541056	0.15809074992714126	0.105	0.308
HAMBI1299	yes	anc	E	57.60669119998777	0.09913519672280996	0.32762019942165416	0.108	0.454
HAMBI1299	yes	anc	F	47.31206462334443	0.19564523605115444	0.17147598188147714	0.107	0.308
HAMBI1299	yes	anc	G	43.70541139493173	0.07513930784789404	0.11549413538765586	0.106	0.244
HAMBI1299	yes	anc	H	43.21069359473447	0.08554810397802307	0.17243282904972285	0.108	0.29100000000000004
HAMBI1842	yes	anc	A	24.54838125289627	0.1355731963203613	0.224452287271286	0.105	0.33399999999999996
HAMBI1842	yes	anc	B	26.13251459039589	0.13593608223096265	0.22139779665163087	0.104	0.32899999999999996
HAMBI1842	yes	anc	C	26.214980206609184	0.13661313953676607	0.23362013892019048	0.104	0.33799999999999997
HAMBI1842	yes	anc	D	25.371094611537483	0.1375269215177616	0.2266192807465231	0.105	0.33399999999999996
HAMBI1842	yes	anc	E	25.79878037305757	0.13869665458146926	0.2220741393858356	0.104	0.33
HAMBI1842	yes	anc	F	25.63724917013477	0.1324644338668495	0.2148870589978647	0.104	0.322
HAMBI1842	yes	anc	G	26.775298590391483	0.14786478438587153	0.23050587364396247	0.104	0.337
HAMBI1842	yes	anc	H	31.927849895904735	0.1414025225339204	0.22847389991673303	0.105	0.33399999999999996
HAMBI1896	yes	anc	A	43.622957535800595	0.07494902873287283	0.362813103331939	0.106	0.473
HAMBI1896	yes	anc	B	13.871274990850305	0.02684623656860234	0.0460509812962635	0.106	0.16
HAMBI1896	yes	anc	C	16.24666585025872	0.02717285392024021	0.04900142371128616	0.107	0.16
HAMBI1896	yes	anc	D	14.093078257353264	0.02714809001317487	0.04885294697784319	0.107	0.163
HAMBI1896	yes	anc	E	17.423918526712338	0.01859947967771177	0.07550208807096355	0.106	0.203
HAMBI1896	yes	anc	F	16.79015865279248	0.03033806102434175	0.05664160574147482	0.105	0.16699999999999998
HAMBI1896	yes	anc	G	16.649249608937428	0.02107332083508437	0.07094012420346121	0.107	0.193
HAMBI1896	yes	anc	H	17.60802674299398	0.01374347385083961	0.06271597156606971	0.105	0.226
HAMBI1923	yes	anc	A	19.022085053611395	0.02541576003688569	0.04125195679726315	0.105	0.149
HAMBI1923	yes	anc	B	11.98135819405175	0.02963273835450368	0.03544316494023934	0.106	0.14800000000000002
HAMBI1923	yes	anc	C	16.919389879088392	0.03305505985442596	0.04444921656332903	0.107	0.172
HAMBI1923	yes	anc	D	14.07049165292857	0.03112321237122468	0.0391030965094442	0.105	0.163
HAMBI1923	yes	anc	E	13.286662602443622	0.03373546462491496	0.04045911285543674	0.109	0.156
HAMBI1923	yes	anc	F	12.644108411582518	0.03754915790329985	0.0413740857728575	0.105	0.165
HAMBI1923	yes	anc	G	12.994583991148891	0.03086673101952905	0.03705666455760062	0.104	0.166
HAMBI1923	yes	anc	H	14.153358645533906	0.0366067694429754	0.03936524736841423	0.105	0.172
HAMBI1972	yes	anc	A	27.03841118183798	0.25904342813761155	0.09786896407652844	0.099	0.199
HAMBI1972	yes	anc	B	40.808927599882665	0.2214452113969284	0.0881191453668735	0.097	0.188
HAMBI1972	yes	anc	C	39.44758304989977	0.1659636118388297	0.06848138929245741	0.099	0.16899999999999998
HAMBI1972	yes	anc	D	45.79003760504321	0.19019958803457299	0.0935207372253104	0.098	0.194
HAMBI1972	yes	anc	E	79.26924086110716	0.17148835277037627	0.2039552137440031	0.096	0.302
HAMBI1972	yes	anc	F	46.63006104935342	0.12247129723093712	0.10728164749583176	0.098	0.208
HAMBI1972	yes	anc	G	40.638634933866086	0.11398815156969704	0.08285863916904906	0.099	0.185
HAMBI1972	yes	anc	H	42.77521046189101	0.1982191638412288	0.0889696145298397	0.096	0.188
HAMBI1977	yes	anc	A	55.68374779138914	0.2922556537940073	0.4163138118748518	0.096	0.52
HAMBI1977	yes	anc	B	82.40028449564232	0.3025997876104291	0.40540310338555624	0.097	0.505
HAMBI1977	yes	anc	C	59.54417817364211	0.3576232158709686	0.3797754720877805	0.099	0.481
HAMBI1977	yes	anc	D	52.09217759287806	0.3848927425951289	0.3875869312609995	0.099	0.488
HAMBI1977	yes	anc	E	60.49117094856262	0.43150731713316137	0.3819081870395606	0.098	0.486
HAMBI1977	yes	anc	F	51.873585784630414	0.4619946691657481	0.38762149176809296	0.098	0.49
HAMBI1977	yes	anc	G	58.951137506284006	0.38624490863321326	0.38806355374863777	0.099	0.49
HAMBI1977	yes	anc	H	49.812810288703275	0.4077781810279794	0.37719802714272166	0.101	0.481
HAMBI1988	yes	anc	A	-2.43782759971805	0.00765496230408953	0.00253439599666192	0.094	0.103
HAMBI1988	yes	anc	B	-1.5235555603281128	0.00823931639201465	0.00208016488889617	0.095	0.102
HAMBI1988	yes	anc	C	-1.8853130463115668	0.0067540082345602	0.00214537159916811	0.095	0.105
HAMBI1988	yes	anc	D	-3.3634152064142215	0.00669177353769543	0.00490029216822918	0.09	0.104
HAMBI1988	yes	anc	E	-2.987038160205453	0.01087545780565722	0.00269609729114087	0.093	0.103
HAMBI1988	yes	anc	F	-1.134026861309548	0.00443977139374033	0.00230430310237886	0.094	0.105
HAMBI1988	yes	anc	G	3.635742336612223	0.00635965715877981	0.00586384066759004	0.1	0.109
HAMBI1988	yes	anc	H	3.763665591707116	0.1767883938570475	0.04911247653916374	0.099	0.153
HAMBI2159	yes	anc	A	33.64432419626973	0.04752969279027667	0.09465627246004156	0.097	0.193
HAMBI2159	yes	anc	B	37.67163044696792	0.02313070016373518	0.12236937562274824	0.098	0.223
HAMBI2159	yes	anc	C	39.000112335984376	0.03669888724662164	0.10135454862098614	0.098	0.201
HAMBI2159	yes	anc	D	26.040055593976263	0.02032365026380982	0.0682346091576267	0.098	0.16699999999999998
HAMBI2159	yes	anc	E	37.176457548524574	0.0263738723067314	0.09497227534793529	0.099	0.195
HAMBI2159	yes	anc	F	43.96590334278436	0.08002651572073682	0.1509454632191647	0.099	0.251
HAMBI2159	yes	anc	G	31.49591845977588	0.04037096075494455	0.09141685955941624	0.1	0.194
HAMBI2159	yes	anc	H	51.38909257802432	0.04766255171362504	0.1765439135913355	0.098	0.27699999999999997
HAMBI2160	yes	anc	A	31.32157660490162	0.02426790926990251	0.08443554160099155	0.099	0.185
HAMBI2160	yes	anc	B	14.402667101324742	0.01853661804384355	0.03014079213528123	0.103	0.135
HAMBI2160	yes	anc	C	18.676058930276355	0.05677606886726468	0.05344749897677325	0.104	0.168
HAMBI2160	yes	anc	D	15.65633226002127	0.05539759886632506	0.03517097085084604	0.103	0.141
HAMBI2160	yes	anc	E	27.144429310209773	0.05638578213208583	0.08710442327230321	0.099	0.18899999999999997
HAMBI2160	yes	anc	F	26.009968957336216	0.10330717998835597	0.0831359800159643	0.099	0.184
HAMBI2160	yes	anc	G	25.49577248333374	0.01566347288133692	0.07210932904466477	0.1	0.175
HAMBI2160	yes	anc	H	15.440719179404905	0.01155265101980513	0.02744675411900141	0.098	0.128
HAMBI2164	yes	anc	A	17.759184756415372	0.02897337376531216	0.09283644385925936	0.098	0.192
HAMBI2164	yes	anc	B	1.5486045291051351	0.00750217215104581	0.00473388455530154	0.096	0.106
HAMBI2164	yes	anc	C	13.66110300947824	0.01714672571806742	0.04748536874632872	0.1	0.149
HAMBI2164	yes	anc	D	10.417467254084563	0.01587136423614976	0.04337583153753126	0.098	0.14300000000000002
HAMBI2164	yes	anc	E	12.17576659714988	0.0165264652930365	0.04870532903715993	0.099	0.149
HAMBI2164	yes	anc	F	7.24457447976176	0.01893693607583151	0.04416358617131527	0.098	0.14800000000000002
HAMBI2164	yes	anc	G	9.783894406316495	0.02213733254894479	0.04124849747901008	0.101	0.14400000000000002
HAMBI2164	yes	anc	H	1.5704823821640066	0.00289099403975261	0.00299294889310408	0.098	0.104
HAMBI2494	yes	anc	A	40.353208276468315	0.03590376035108961	0.10451382169349818	0.1	0.206
HAMBI2494	yes	anc	B	41.55700478269204	0.07431949461775911	0.12525737904063253	0.099	0.227
HAMBI2494	yes	anc	C	48.21830378540819	0.05084812954482827	0.13505528914239134	0.099	0.237
HAMBI2494	yes	anc	D	43.05846935027759	0.06252061950148306	0.13075565366592848	0.1	0.233
HAMBI2494	yes	anc	E	39.30317464276214	0.03828945224285231	0.10485052054525586	0.101	0.21
HAMBI2494	yes	anc	F	41.14483530293593	0.02817497368469617	0.11176839632722334	0.101	0.214
HAMBI2494	yes	anc	G	40.145279076751805	0.07584906353231163	0.126092403883943	0.1	0.228
HAMBI2494	yes	anc	H	40.01069713172783	0.02962335384846611	0.09435107701943234	0.102	0.2
HAMBI2443	yes	anc	A	6.837208627491152	0.00900327274183192	0.00830801200301802	0.099	0.11
HAMBI2443	yes	anc	B	1.7724450498410451	0.01206330274714618	0.0077526283236976	0.099	0.109
HAMBI2443	yes	anc	C	4.359495677518836	0.01013680929369013	0.00813997579150707	0.099	0.109
HAMBI2443	yes	anc	D	-0.3413762949773226	0.03886792344192161	0.02553987118613933	0.092	0.125
HAMBI2443	yes	anc	E	-2.6382047149848113	0.0088163809785712	0.00239291520214779	0.093	0.106
HAMBI2443	yes	anc	F	-0.15698019194212268	0.015931098544657	0.00590499623317389	0.097	0.109
HAMBI2443	yes	anc	G	-1.144565601528826	0.01183769479769799	0.01018066674276567	0.1	0.115
HAMBI2443	yes	anc	H	1.7087622293279912	0.00424837784714566	0.00395019087026571	0.101	0.109
HAMBI2659	yes	anc	A	31.03258799113753	0.0589095203074591	0.05161107472950044	0.099	0.154
HAMBI2659	yes	anc	B	27.63023260741526	0.05085566567437926	0.04846057128181148	0.099	0.151
HAMBI2659	yes	anc	C	30.17015868277865	0.0432595706508448	0.05024703885930046	0.102	0.156
HAMBI2659	yes	anc	D	28.635012535737324	0.04865197278820281	0.04695158062022829	0.1	0.151
HAMBI2659	yes	anc	E	28.152933169509957	0.04747483632465552	0.04673828190683414	0.101	0.15
HAMBI2659	yes	anc	F	27.909681348612818	0.11339387200607975	0.04821243518470015	0.1	0.152
HAMBI2659	yes	anc	G	32.55362738129843	0.06820447416846194	0.05023374884958609	0.101	0.153
HAMBI2659	yes	anc	H	-0.1322931440141068	0.07525237832770004	0.0271338769022027	0.102	0.15
HAMBI2792	yes	anc	A	17.100423453518303	0.04057037370776723	0.04856263147788135	0.103	0.153
HAMBI2792	yes	anc	B	14.408042080992374	0.03727436378540488	0.0436981722550413	0.106	0.15
HAMBI2792	yes	anc	C	12.932370983653954	0.0366298385983474	0.03775982928721541	0.103	0.14300000000000002
HAMBI2792	yes	anc	D	17.317103641839914	0.03784239154105087	0.04867309845842069	0.106	0.156
HAMBI2792	yes	anc	E	17.335839391435286	0.03523313864854877	0.04413065633413862	0.1	0.146
HAMBI2792	yes	anc	F	9.46766578657158	0.03321440679506383	0.02737855822132784	0.108	0.142
HAMBI2792	yes	anc	G	15.096704985683054	0.03875068524518703	0.0457206359407888	0.101	0.14800000000000002
HAMBI2792	yes	anc	H	16.811932900155533	0.05149028100646222	0.06102551392609377	0.099	0.163
HAMBI3031	yes	anc	A	-1.4916670214696142	0.0083564397981876	0.00441539835990031	0.095	0.107
HAMBI3031	yes	anc	B	-0.19233794841709567	0.0100162434087966	0.00362436266197085	0.095	0.105
HAMBI3031	yes	anc	C	-1.0376209236720857	0.0043740994956696	0.00240840602826528	0.095	0.106
HAMBI3031	yes	anc	D	1.4831737943455996	0.01087473407066037	0.00514929170147336	0.098	0.108
HAMBI3031	yes	anc	E	-0.31665562591191976	0.00862237601981841	0.00495731649175261	0.094	0.106
HAMBI3031	yes	anc	F	-3.6671142876658114	0.00184368800784045	0.00109020298055675	0.092	0.104
HAMBI3031	yes	anc	G	-1.174068947105114	0.00863440712127627	0.00372128972372068	0.095	0.106
HAMBI3031	yes	anc	H	-4.517359994210871	0.00952807532080023	0.0015265266832443	0.094	0.104
HAMBI3237	yes	anc	A	-1.3414131100684112	0.01107567555060527	0.01498834368797942	0.093	0.117
HAMBI3237	yes	anc	B	-1.9577361251096896	0.00953305195164518	0.01400876229345177	0.095	0.118
HAMBI3237	yes	anc	C	-0.6894045964687503	0.00681469629213478	0.01232602828227695	0.096	0.118
HAMBI3237	yes	anc	D	0.9347432016811684	0.01068171806416759	0.01477351878129665	0.094	0.12
HAMBI3237	yes	anc	E	4.284569568823849	0.01708075243722894	0.03468694090691203	0.096	0.138
HAMBI3237	yes	anc	F	-3.9583604666635144	0.00621719164377666	0.00620661741932246	0.094	0.113
HAMBI3237	yes	anc	G	-2.14543736054663	0.00650581776282158	0.00810630757289331	0.095	0.113
HAMBI3237	yes	anc	H	1.1623526870906795	0.00944123998359855	0.01767373982599729	0.098	0.123
HAMBI0006	yes	evo	A	98.42296134761332	0.1968882221666987	0.2651480692108358	0.101	0.5479999999999999
HAMBI0006	yes	evo	B	83.98795318206972	0.1947159200605131	0.20787824408667915	0.104	0.468
HAMBI0006	yes	evo	C	76.95575734943834	0.16334042939914628	0.18703298672903573	0.104	0.404
HAMBI0006	yes	evo	D	69.4811266021336	0.17862282694490417	0.2036237176672157	0.103	0.354
HAMBI0006	yes	evo	E	80.62189002107084	0.1566785948722999	0.18298160789553863	0.104	0.442
HAMBI0006	yes	evo	F	74.82206641952985	0.17389936539989476	0.1773756963071898	0.101	0.403
HAMBI0006	yes	evo	G	77.5864830328129	0.17633767754482094	0.18185938455209616	0.101	0.401
HAMBI0006	yes	evo	H	82.07177290921588	0.1712484805326736	0.1833774846249449	0.101	0.43799999999999994
HAMBI0097	yes	evo	A	20.504166481455876	0.1481768809166422	0.07823793020472448	0.103	0.181
HAMBI0097	yes	evo	B	17.756573174860787	0.14259282815529967	0.07225781201272576	0.103	0.177
HAMBI0097	yes	evo	C	16.818648862103096	0.13308463131800505	0.07280665860619004	0.103	0.177
HAMBI0097	yes	evo	D	15.188626776110189	0.1323253956301076	0.07116866395417962	0.104	0.17600000000000002
HAMBI0097	yes	evo	E	16.059239396379528	0.1261586130306022	0.06637645034156141	0.102	0.17
HAMBI0097	yes	evo	F	16.675070245429858	0.11863310939689416	0.06276954983833533	0.101	0.166
HAMBI0097	yes	evo	G	17.21145231353065	0.11602499895027646	0.06656217356763633	0.101	0.16899999999999998
HAMBI0097	yes	evo	H	16.55673197028389	0.10664432996073196	0.06225223223638007	0.102	0.16699999999999998
HAMBI0105	yes	evo	A	42.541518587801015	0.05271553085889644	0.08591210536624988	0.102	0.192
HAMBI0105	yes	evo	B	39.62694278635222	0.05503565879073663	0.08027028435941284	0.102	0.188
HAMBI0105	yes	evo	C	38.46874967925713	0.05543996580637091	0.07580859571467174	0.103	0.182
HAMBI0105	yes	evo	D	48.86621860694683	0.07049952696165546	0.11224007028339043	0.104	0.218
HAMBI0105	yes	evo	E	55.26374944466914	0.07719315046259687	0.14842886247131437	0.103	0.253
HAMBI0105	yes	evo	F	40.22527522978867	0.05637666444844522	0.07669944309141383	0.101	0.181
HAMBI0105	yes	evo	G	39.15452851691955	0.06269339829707202	0.07982275915098108	0.105	0.18899999999999997
HAMBI0105	yes	evo	H	41.002027323752046	0.05348567049506623	0.08014527770067949	0.101	0.18600000000000003
HAMBI0262	yes	evo	A	11.030451525325445	0.01635238057351493	0.06159164967513472	0.101	0.187
HAMBI0262	yes	evo	B	11.01635957233253	0.01608051619439283	0.03329115301438243	0.1	0.149
HAMBI0262	yes	evo	C	13.30977745577991	0.02150341972110773	0.06682490644231046	0.103	0.17800000000000002
HAMBI0262	yes	evo	D	8.150577886912327	0.00966022195292696	0.03258454181593928	0.104	0.172
HAMBI0262	yes	evo	E	9.718689369341629	0.01437172495523039	0.04883434987659053	0.104	0.181
HAMBI0262	yes	evo	F	9.59848384146482	0.01162922082633904	0.04040294907917896	0.101	0.174
HAMBI0262	yes	evo	G	16.37804642596297	0.026200452505727	0.08818910638613829	0.103	0.203
HAMBI0262	yes	evo	H	10.169132078760564	0.013863874050988	0.05417386265839462	0.103	0.18600000000000003
HAMBI0403	yes	evo	A	79.1202456747748	0.14380305999818074	0.37353587257901055	0.103	0.479
HAMBI0403	yes	evo	B	71.821546905307045	0.13005227679361028	0.37028165466044305	0.102	0.482
HAMBI0403	yes	evo	C	66.94282912517531	0.1128509459619151	0.3496711391477588	0.102	0.482
HAMBI0403	yes	evo	D	68.66916959342956	0.1266732640198483	0.3722679028238128	0.101	0.486
HAMBI0403	yes	evo	E	62.29172739013046	0.10882047924219808	0.34058525829359915	0.1	0.468
HAMBI0403	yes	evo	F	66.93029802361941	0.1186271768315708	0.3526995088947661	0.101	0.473
HAMBI0403	yes	evo	G	59.916805834821936	0.17897316874746444	0.37239632132722944	0.103	0.481
HAMBI0403	yes	evo	H	86.6378367008292	0.18059439523278656	0.3710232072635975	0.103	0.483
HAMBI1279	yes	evo	A	50.53479875805027	0.2079630038973857	0.33146466564204924	0.1	0.506
HAMBI1279	yes	evo	B	35.390347713293615	0.19763006458656637	0.3174403673509554	0.102	0.424
HAMBI1279	yes	evo	C	40.03065675233687	0.19112073573789523	0.29070776382240476	0.102	0.407
HAMBI1279	yes	evo	D	43.21060349921327	0.19633801443851884	0.2862686923612343	0.1	0.401
HAMBI1279	yes	evo	E	41.080521330688065	0.20264642304265587	0.30491196618784033	0.101	0.412
HAMBI1279	yes	evo	F	41.25662982393843	0.187221476186933	0.2990345797434101	0.104	0.411
HAMBI1279	yes	evo	G	48.30901219358058	0.19400754316233915	0.2927387964803705	0.101	0.408
HAMBI1279	yes	evo	H	79.90281933049356	0.20594605646474853	0.30476424745883945	0.099	0.418
HAMBI1287	yes	evo	A	75.67928723776815	0.1941088715489807	0.2945546964448543	0.102	0.404
HAMBI1287	yes	evo	B	78.68395214290771	0.20269653099801757	0.29580639624716726	0.1	0.403
HAMBI1287	yes	evo	C	77.53041283469067	0.20789836138575335	0.30338108369485695	0.101	0.408
HAMBI1287	yes	evo	D	79.01306973252707	0.20957271035148065	0.2968113027056136	0.099	0.403
HAMBI1287	yes	evo	E	76.19543598633132	0.2021585532343463	0.29916727045660957	0.101	0.407
HAMBI1287	yes	evo	F	78.7676193175768	0.20805396292019343	0.29885358691438313	0.1	0.405
HAMBI1287	yes	evo	G	76.71974985042559	0.20470862565216016	0.3030444654476809	0.1	0.41
HAMBI1287	yes	evo	H	77.11070131933097	0.18995706583744387	0.29577270074104933	0.103	0.403
HAMBI1292	yes	evo	A	120.55999337349122	0.12398111729602496	0.7264896129330753	0.102	0.8340000000000001
HAMBI1292	yes	evo	B	120.928161400144	0.09880297691892842	0.7136770557100498	0.101	0.83
HAMBI1292	yes	evo	C	120.02881418392651	0.1443750384886534	0.6612988214795382	0.101	0.7659999999999999
HAMBI1292	yes	evo	D	123.80668208558792	0.11285792253424835	0.7560712062183023	0.102	0.922
HAMBI1292	yes	evo	E	126.14905100491742	0.12747985112344215	0.7837659653198064	0.103	0.941
HAMBI1292	yes	evo	F	126.38580930685671	0.14732616465918127	0.7845392955207593	0.102	0.901
HAMBI1292	yes	evo	G	120.73993065080543	0.10967255952659184	0.6954546361326301	0.103	0.805
HAMBI1292	yes	evo	H	118.45320230112964	0.10683720578317804	0.6808089343273416	0.102	0.79
HAMBI1299	yes	evo	A	67.91407745236256	0.2361414869646113	0.26057881426234936	0.102	0.37
HAMBI1299	yes	evo	B	67.7048709136273	0.24080322241290075	0.2675944526275805	0.103	0.377
HAMBI1299	yes	evo	C	71.35299371446256	0.22831114539703656	0.2654249100210705	0.1	0.374
HAMBI1299	yes	evo	D	68.06406971472649	0.24505553584012277	0.2549124985919402	0.102	0.366
HAMBI1299	yes	evo	E	70.24679043521081	0.23039359890990296	0.26847754184934064	0.101	0.377
HAMBI1299	yes	evo	F	71.1932307770061	0.22544081400815705	0.2712018583233737	0.1	0.379
HAMBI1299	yes	evo	G	64.22548309029075	0.22411768377513777	0.25983350767965196	0.103	0.368
HAMBI1299	yes	evo	H	66.42983294842155	0.2254042405357812	0.2478333790063564	0.104	0.358
HAMBI1842	yes	evo	A	122.16425733491202	0.13494149150555795	0.7743110728523344	0.101	0.91
HAMBI1842	yes	evo	B	113.63806153372802	0.14897746361484168	0.7045222936734676	0.102	0.8909999999999999
HAMBI1842	yes	evo	C	115.85801024598464	0.14714269245010925	0.7056964932067251	0.106	0.86
HAMBI1842	yes	evo	D	124.76015086000244	0.13622715934895663	0.7922759423987101	0.102	0.914
HAMBI1842	yes	evo	E	126.11344036644476	0.15318166895088098	0.8269791037778648	0.102	0.946
HAMBI1842	yes	evo	F	125.18070108221497	0.1216685773619642	0.8329621098585942	0.102	0.951
HAMBI1842	yes	evo	G	122.16091178392428	0.1008965008574815	0.834538495087764	0.101	0.963
HAMBI1842	yes	evo	H	113.08024511267053	0.12959378630267307	0.6658376437097479	0.103	0.8440000000000001
HAMBI1896	yes	evo	A	75.80936382642678	0.2293751942926612	0.35901613409524774	0.103	0.463
HAMBI1896	yes	evo	B	73.96289863331569	0.20664999389141445	0.34056956768632124	0.102	0.446
HAMBI1896	yes	evo	C	70.63207296850469	0.20863793914949905	0.3316092061995012	0.105	0.4429999999999999
HAMBI1896	yes	evo	D	66.94964397308725	0.1922906725137392	0.3064060533944997	0.104	0.416
HAMBI1896	yes	evo	E	71.48762791423341	0.2009453572121093	0.34883411029484745	0.106	0.459
HAMBI1896	yes	evo	F	71.43919886214715	0.20022984862373255	0.3393420683661158	0.104	0.447
HAMBI1896	yes	evo	G	77.08492878986854	0.2387160539248276	0.3748758869288829	0.104	0.481
HAMBI1896	yes	evo	H	72.56418448693452	0.195033783262692	0.3202246041796708	0.104	0.43
HAMBI1923	yes	evo	A	25.644116430681432	0.0346077886977373	0.04954608122250875	0.104	0.158
HAMBI1923	yes	evo	B	25.644148217766173	0.03034010260140957	0.04452907810641317	0.103	0.15
HAMBI1923	yes	evo	C	25.127114300498818	0.03971941552756569	0.04980873801088402	0.105	0.161
HAMBI1923	yes	evo	D	20.200175275288288	0.03095144673421884	0.04238081189664605	0.106	0.151
HAMBI1923	yes	evo	E	26.427432952501395	0.03523496558218841	0.04908241848930769	0.105	0.158
HAMBI1923	yes	evo	F	18.289425219438424	0.03767289610590575	0.04234515198727758	0.106	0.153
HAMBI1923	yes	evo	G	20.322416566851516	0.03628717361497643	0.05392785577748163	0.104	0.161
HAMBI1923	yes	evo	H	25.65588282280375	0.03802274083165456	0.04492461602557386	0.104	0.152
HAMBI1972	yes	evo	A	91.79848465552443	0.2801464203449079	0.2595651900444381	0.097	0.362
HAMBI1972	yes	evo	B	105.01044604482804	0.2980762479802852	0.25975664569142654	0.097	0.361
HAMBI1972	yes	evo	C	104.46585430840584	0.2915506603672687	0.26330099570702736	0.099	0.365
HAMBI1972	yes	evo	D	105.88014005531676	0.3084218656897817	0.254249197912794	0.096	0.354
HAMBI1972	yes	evo	E	100.99192627156988	0.2693697376018641	0.2522874912836236	0.104	0.36
HAMBI1972	yes	evo	F	102.64334836757816	0.31145674596791745	0.2463430569173317	0.102	0.353
HAMBI1972	yes	evo	G	105.18587900974912	0.2822257966707933	0.254150115700991	0.098	0.35700000000000004
HAMBI1972	yes	evo	H	103.3096383834655	0.3064733317377137	0.25311756475042757	0.102	0.35700000000000004
HAMBI1977	yes	evo	A	75.42629399795084	0.2502560494792181	0.3708379116643926	0.1	0.48
HAMBI1977	yes	evo	B	74.41046128830001	0.2462614051356597	0.3816877686063425	0.098	0.49
HAMBI1977	yes	evo	C	72.68652101951014	0.2660012284057733	0.4105370001293007	0.098	0.53
HAMBI1977	yes	evo	D	72.64084604318417	0.28357802225715134	0.41087120968797664	0.098	0.524
HAMBI1977	yes	evo	E	69.59213008644551	0.27158519120636304	0.3904806512281074	0.101	0.49700000000000005
HAMBI1977	yes	evo	F	80.67584166282597	0.25770731577355155	0.43580654275870145	0.092	0.54
HAMBI1977	yes	evo	G	71.73015069482845	0.2817498383997762	0.3788186507493714	0.099	0.487
HAMBI1977	yes	evo	H	72.11657504159585	0.2680088469281353	0.3771512672196553	0.099	0.493
HAMBI1988	yes	evo	A	11.694816355051657	0.02125315916399031	0.05311416337913403	0.097	0.156
HAMBI1988	yes	evo	B	9.890708914689853	0.0212251375335344	0.05315781447462765	0.097	0.155
HAMBI1988	yes	evo	C	13.003597115736254	0.02311266765680224	0.07016776861802666	0.099	0.175
HAMBI1988	yes	evo	D	12.792882840130654	1.459609155049282	0.20260735189135848	0.095	0.319
HAMBI1988	yes	evo	E	13.389938020456372	0.3640303130444801	0.1290608748460948	0.097	0.248
HAMBI1988	yes	evo	F	14.631433564464087	0.02056195042233208	0.04499614986508481	0.097	0.14400000000000002
HAMBI1988	yes	evo	G	13.679522223682373	0.01389948600870762	0.05686065962447947	0.1	0.159
HAMBI1988	yes	evo	H	14.661431790264974	0.01615982891517464	0.05303343344308077	0.097	0.153
HAMBI2159	yes	evo	A	63.656525214430715	0.03520646387618709	0.31462194003531996	0.096	0.413
HAMBI2159	yes	evo	B	60.16520256432083	0.03386310005646047	0.3059661827680483	0.097	0.405
HAMBI2159	yes	evo	C	67.51462896809112	0.04456887609947359	0.32131570167573076	0.097	0.42
HAMBI2159	yes	evo	D	61.69134966268458	0.04454237998319624	0.2915209623756454	0.097	0.389
HAMBI2159	yes	evo	E	62.99497775202279	0.03925888826687827	0.3334867116445815	0.096	0.4320000000000001
HAMBI2159	yes	evo	F	63.94745011270348	0.04144919993172595	0.31957049787303454	0.095	0.417
HAMBI2159	yes	evo	G	66.82948816765594	0.03783376698155687	0.40904388817823734	0.097	0.506
HAMBI2159	yes	evo	H	57.92966312634457	0.03721755801475455	0.30134059711726313	0.098	0.4
HAMBI2160	yes	evo	A	22.00197674266536	0.02720001121335995	0.04940221337409607	0.099	0.151
HAMBI2160	yes	evo	B	21.591058581858157	0.01146175378192188	0.04985595679907717	0.099	0.154
HAMBI2160	yes	evo	C	16.955006689077507	0.02429362945137759	0.03362265817451619	0.1	0.136
HAMBI2160	yes	evo	D	22.831022182263624	0.01375707645217345	0.05336127536696739	0.101	0.159
HAMBI2160	yes	evo	E	21.20994976808741	0.02549603608530348	0.04850438521524145	0.1	0.155
HAMBI2160	yes	evo	F	23.554879790953745	0.01539189806633704	0.04607432145119754	0.097	0.145
HAMBI2160	yes	evo	G	27.957545593653787	0.0663096903058181	0.08609637427501998	0.099	0.188
HAMBI2160	yes	evo	H	5.901524106280631	0.0086746589651918	0.00943473682252807	0.097	0.11
HAMBI2164	yes	evo	A	36.3935107549563	0.03644894467862576	0.08197851917216492	0.097	0.18
HAMBI2164	yes	evo	B	34.67999058934276	0.02748512474015312	0.06978140149160592	0.097	0.16899999999999998
HAMBI2164	yes	evo	C	30.870384472897776	0.03321986390414914	0.07177299150831631	0.099	0.173
HAMBI2164	yes	evo	D	29.976112008839365	0.03315309066542214	0.06934591852758057	0.098	0.168
HAMBI2164	yes	evo	E	27.66403380947258	0.02919802796261754	0.0654432059677881	0.1	0.168
HAMBI2164	yes	evo	F	28.21152043764034	0.03150587975555298	0.06514160863228445	0.099	0.166
HAMBI2164	yes	evo	G	27.68858891659947	0.03188927592106239	0.06543813551887573	0.1	0.16699999999999998
HAMBI2164	yes	evo	H	29.411016809049432	0.02676803999372361	0.06626719135981164	0.097	0.16399999999999998
HAMBI2494	yes	evo	A	45.28705914224512	0.03963975169145616	0.1632768642075514	0.097	0.267
HAMBI2494	yes	evo	B	37.64751827868512	0.0432891713282402	0.12534407146512222	0.099	0.229
HAMBI2494	yes	evo	C	35.50283667281876	0.05290927613964992	0.13257788791742392	0.1	0.235
HAMBI2494	yes	evo	D	40.297014879829334	0.0304171910691584	0.10848775377358263	0.098	0.209
HAMBI2494	yes	evo	E	35.36108002859416	0.06362667883150958	0.1191640433000924	0.098	0.22
HAMBI2494	yes	evo	F	39.410709291457394	0.03802994262893888	0.11839798690170344	0.1	0.22
HAMBI2494	yes	evo	G	36.8805703010917	0.03459040891643231	0.11206371256879272	0.105	0.21899999999999997
HAMBI2494	yes	evo	H	53.84391226176655	0.08616134797556148	0.2021528107495702	0.102	0.307
HAMBI2443	yes	evo	A	29.145345638039927	0.04337851594586019	0.12371040238380591	0.099	0.223
HAMBI2443	yes	evo	B	33.9077588678918	0.04093012837611636	0.1849611244909833	0.101	0.287
HAMBI2443	yes	evo	C	27.680846266031924	0.03920932158883471	0.13792854027016538	0.1	0.24
HAMBI2443	yes	evo	D	30.5707579649832	0.05349282682485613	0.2043995048110822	0.098	0.307
HAMBI2443	yes	evo	E	31.909155953799573	0.05924858055791997	0.22201543568225168	0.097	0.322
HAMBI2443	yes	evo	F	37.94271489462277	0.06152362071336262	0.2481601753956527	0.098	0.34700000000000003
HAMBI2443	yes	evo	G	31.737942378972377	0.05532480177947716	0.1548502467127488	0.099	0.256
HAMBI2443	yes	evo	H	30.32515079719477	0.04713489642542281	0.16348709950752985	0.098	0.264
HAMBI2659	yes	evo	A	32.20242544662479	0.07813971874528164	0.05691537378538698	0.098	0.157
HAMBI2659	yes	evo	B	32.654217729043836	0.06573216735625295	0.05978729773283235	0.097	0.16
HAMBI2659	yes	evo	C	33.79979204869682	0.07570488952946945	0.06382451355560381	0.095	0.162
HAMBI2659	yes	evo	D	34.25865250251488	0.06234006095231438	0.05856933056688482	0.096	0.158
HAMBI2659	yes	evo	E	32.742309926105094	0.05523260637214021	0.06312548501567447	0.097	0.163
HAMBI2659	yes	evo	F	29.917537946096115	0.06055997871710273	0.05338218477855264	0.098	0.155
HAMBI2659	yes	evo	G	34.73059572302414	0.10280554451505826	0.09812816750892724	0.099	0.199
HAMBI2659	yes	evo	H	31.567307027721743	0.0832105992008999	0.08013371663971247	0.1	0.182
HAMBI2792	yes	evo	A	30.150572718755058	0.06308696354608939	0.0720952505873124	0.098	0.17600000000000002
HAMBI2792	yes	evo	B	27.37581035832052	0.09695842521404378	0.07412173232215508	0.097	0.173
HAMBI2792	yes	evo	C	26.92795038524019	0.07322325804764064	0.10994332464358177	0.098	0.21
HAMBI2792	yes	evo	D	36.722245931006945	0.04504245046655871	0.11104151298490994	0.1	0.218
HAMBI2792	yes	evo	E	36.41849880357292	0.073859484578039	0.10718683483410048	0.097	0.21
HAMBI2792	yes	evo	F	31.685952612311155	0.04624685832449171	0.09214568228422064	0.1	0.197
HAMBI2792	yes	evo	G	35.65934752529963	0.07029993767096217	0.1044115823842878	0.099	0.205
HAMBI2792	yes	evo	H	11.38502750366179	0.07024667151631063	0.06052632722137441	0.102	0.16399999999999998
HAMBI3031	yes	evo	A	20.189032000470593	0.02697973056602019	0.07675174851447539	0.097	0.177
HAMBI3031	yes	evo	B	17.864604882804088	0.01572444609851087	0.0540986922531323	0.098	0.155
HAMBI3031	yes	evo	C	13.992462827486472	0.01429278012812269	0.04890930119832733	0.1	0.152
HAMBI3031	yes	evo	D	19.611022755045425	0.0170026798572451	0.07098372206389231	0.1	0.174
HAMBI3031	yes	evo	E	18.233381358482163	0.01802252915119206	0.05675786441151564	0.097	0.157
HAMBI3031	yes	evo	F	16.934553972598586	0.01462168680364021	0.05518582122574474	0.1	0.159
HAMBI3031	yes	evo	G	14.19119580214666	0.01536391984106532	0.04960832987665978	0.1	0.153
HAMBI3031	yes	evo	H	18.222211325653728	0.01982646496063762	0.06186926445898415	0.096	0.162
HAMBI3237	yes	evo	A	10.006009099404368	0.03345822004085971	0.07791159048751904	0.098	0.179
HAMBI3237	yes	evo	B	6.430056765212466	0.02260174226853038	0.03307770145267973	0.107	0.147
HAMBI3237	yes	evo	C	7.630330723818391	0.03122307717123521	0.06064770877596787	0.097	0.175
HAMBI3237	yes	evo	D	4.29182225668046	0.02667307644285375	0.04269785407289138	0.097	0.14300000000000002
HAMBI3237	yes	evo	E	6.34490300688289	0.02420212576443095	0.04020770476330916	0.097	0.14300000000000002
HAMBI3237	yes	evo	F	4.608847273879326	0.01847574510141254	0.03299358908712201	0.099	0.136
HAMBI3237	yes	evo	G	4.948810449406688	0.03007491090788553	0.03559667372644611	0.098	0.141
HAMBI3237	yes	evo	H	5.266605257877353	0.02297668884442133	0.04000580535862839	0.101	0.145
